{
  "neoforge:conditions": [
    {
      "type": "neoforge:mod_loaded",
      "modid": "infinity"
    }
  ],
  "type": "industrialforegoing:laser_drill_fluid",
  "catalyst": {
    "item": "infinity:iridescent_star"
  },
  "entity": "infinity:bishop",
  "output": {
    "amount": 10,
    "id": "infinity:iridescence"
  },
  "rarity": [
    {
      "biome_filter": {
        "blacklist": [],
        "whitelist": []
      },
      "depth_max": 256,
      "depth_min": -64,
      "dimension_filter": {
        "blacklist": [],
        "whitelist": []
      },
      "weight": 8
    }
  ]
}