{
  "neoforge:conditions": [
    {
      "type": "neoforge:mod_loaded",
      "modid": "stellaris"
    }
  ],
  "type": "industrialforegoing:laser_drill_fluid",
  "catalyst": {
    "item": "industrialforegoing:black_laser_lens"
  },
  "entity": "minecraft:empty",
  "output": {
    "amount": 50,
    "id": "stellaris:oil"
  },
  "rarity": [
    {
      "biome_filter": {
        "blacklist": [],
        "whitelist": []
      },
      "depth_max": 60,
      "depth_min": 20,
      "dimension_filter": {
        "blacklist": [],
        "whitelist": []
      },
      "weight": 8
    }
  ]
}