{
  "type": "create:mechanical_crafting",
  "accept_mirrored": true,
  "category": "misc",
  "key": {
    "A": {
      "item": "occultism:lenses"
    },
    "B": {
      "item": "create:rotation_speed_controller"
    },
    "C": {
      "item": "mekanism:alloy_reinforced"
    },
	"D": {
      "item": "minecraft:clock"
    },
	"D": {
      "tag": "c:glass_panes"
    }
  },
  "pattern": [
    "AEEEA",
    "EBCBE",
    "ECDCE",
    "EBCBE",
    "AEEEA"
  ],
  "result": {
    "count": 1,
    "id": "tiab:time_in_a_bottle"
  },
  "show_notification": false
}