{
  "parent": "minecraft:story/stone_age",
  "display": {
    "icon": {
      "item": "minecraft:iron_pickaxe"
    },
    "title": {
      "translate": "advancements.story.iron_tools.title"
    },
    "description": {
      "translate": "advancements.story.iron_tools.description"
    },
    "frame": "task",
    "show_toast": false,
    "announce_to_chat": false,
    "hidden": false
  },
  "criteria": {
    "iron_pickaxe": {
      "trigger": "minecraft:inventory_changed",
      "conditions": {
        "items": [
          {
            "items": [
              "minecraft:iron_pickaxe"
            ]
          }
        ]
      }
    }
  },
  "requirements": [
    [
      "iron_pickaxe"
    ]
  ]
}
