{
  "parent": "trainutilities:door_ingrediants",
  "criteria": {
    "0": {
      "trigger": "minecraft:inventory_changed",
      "conditions": {
        "items": [{
          "tag": "trainutilities:iptd"
        }]
      }
    }
  },
  "display": {
    "announce_to_chat": false,
    "frame": "task",
    "show_toast": false,
    "hidden": true,
    "description": {
      "color": "#DBA213",
      "translate": "advancement.trainutilities.incomplete_prototype_doors.description"
    },
    "icon": {
      "count": 1,
      "id": "trainutilities:prototype_door_sf"
    },
    "title": {
      "translate": "advancement.trainutilities.incomplete_prototype_doors"
    }
  },
  "requirements": [
    [
      "0"
    ]
  ]
}